lat,lng
-30.0277041,-51.2287346
-30.0413351,-51.2164962
-30.0416122,-51.2179864
-30.0429811886352,-51.2189483642578
-30.0419543,-51.2179209
-30.0423352,-51.215944
-30.0430455,-51.2168757
-30.0420812,-51.2155326
-30.0429538,-51.2169536
-30.0429673,-51.216936
-30.0407774,-51.218635
-30.0411621,-51.2165453
-30.0430055,-51.2197747
-30.0417180917655,-51.2169313430786
-30.0419204,-51.2178611
-30.0431297872082,-51.2192916870117
-30.0431874,-51.2197959
-30.0451165,-51.2154326
-30.0443948,-51.2187364
-30.042949,-51.219675
-30.0404918,-51.2188027
-30.0277041,-51.2287346
-30.0277041,-51.2287346
-30.0277041,-51.2287346
-30.0277041,-51.2287346
-30.0277041,-51.2287346
-30.0277041,-51.2287346
-30.0277041,-51.2287346
-30.0277041,-51.2287346
-30.0277041,-51.2287346
-30.035842,-51.204301
-30.0354342,-51.2040935
-30.036029,-51.203856
-30.035791,-51.2042591
-30.0358796,-51.2042574
-30.0352966,-51.2042535
-30.0261207,-51.204963
-30.0419574,-51.2210194
-30.0544411,-51.2073003
-30.122322,-51.355682
-30.12768,-51.341378
-30.1191027,-51.368392
-30.122674,-51.348384
-30.124888,-51.34875
-30.122136,-51.350803
-30.1173099,-51.3145747
-30.105221,-51.313968
-30.111388,-51.29843
-30.1101636,-51.3147829
-30.109785,-51.314923
-30.109995,-51.313444
-30.108607,-51.314885
-30.110002,-51.313126
-30.1149455,-51.3150061
-30.113314,-51.315435
-30.0474357604972,-51.2121248245224
-30.04678862,-51.21209979
-30.0455719,-51.2120245
-30.0459085,-51.2106818
-30.0459288,-51.2107151
-30.0458519,-51.212915
-30.0476799,-51.2112598
-30.0464071,-51.2105952
-30.0331476,-51.2019625
-30.0343992429473,-51.2030267715454
-30.037396,-51.202533
-30.0343212,-51.2008125
-30.034736,-51.20156
-30.034161,-51.202466
-30.036214,-51.200399
-30.0306662,-51.2058521
-30.0345107015512,-51.2412643432617
-30.008387,-51.264512
-30.0368425,-51.2413969
-30.036529,-51.241509
-30.001452,-51.262172
-30.032658500852,-51.239031881567
-30.020997,-51.2554908
-30.033296,-51.2399447
-30.034447,-51.241659
-30.0332754,-51.2396223
-30.029527450657,-51.2338346242905
-30.111248,-51.313832
-30.116691,-51.313531
-30.110067,-51.313104
-30.1141169,-51.3281177
-30.112932,-51.324865
-30.122849,-51.317802
-30.109224,-51.320804
-30.111284,-51.325839
-30.118201,-51.325186
-30.1223407,-51.3581798
-30.125916,-51.347058
-30.119154,-51.340439
-30.12323,-51.341724
-30.119109,-51.340417
-30.1305574,-51.3154119
-30.132142,-51.321897
-30.131386,-51.319174
-30.131566,-51.324516
-30.137937,-51.322315
-30.125337,-51.31664
-30.033017,-51.2109384
-30.0333032,-51.2109172
-30.0346524,-51.20976
-30.0332829,-51.2109159
-30.0346139,-51.209424
-30.0330399,-51.2109396
-30.032704,-51.2097842
-30.0330459,-51.2109104
-30.0318458,-51.2089258
-30.0313032,-51.2084595
-30.0315177,-51.2084753
-30.0313747,-51.2084583
-30.0317985066025,-51.2093353271484
-30.031204,-51.208373
-30.0313032,-51.2084595
-30.031776,-51.209803
-30.0313032,-51.2084595
-30.03113881,-51.20979398
-30.0346502,-51.1987226
-30.0329272,-51.1984744
-30.032531,-51.200153
-30.034503,-51.199905
-30.03337,-51.197143
-30.03371,-51.198398
-30.033871,-51.199789
-30.033132,-51.197453
-30.0313851,-51.2024361
-30.0304688,-51.2019673
-30.031184,-51.2026391
-30.031404,-51.201977
-30.031751,-51.202178
-30.0307082669143,-51.2016803026199
-30.031452,-51.202005
-30.031665,-51.20163
-30.0306095758288,-51.2014818191528
-30.0303680725227,-51.2017714977264
-30.032095,-51.20269
-30.032245,-51.201945
-30.0323119,-51.2022152
-30.032749,-51.201095
-30.0343212,-51.2008125
-30.0332873,-51.2035229
-30.034736,-51.20156
-30.0343212,-51.2008125
-30.0356948,-51.2048804
-30.091347,-51.336169
-30.0874358,-51.3422197
-30.087794,-51.340219
-30.10864,-51.341645
-30.089928,-51.338791
-30.087702,-51.339652
-30.090222,-51.33407
-30.107842,-51.335327
-30.056125,-51.231755
-30.048115,-51.230729
-30.0539397354003,-51.2300205230713
-30.0543290201149,-51.2324237823486
-30.0410865372918,-51.2408351898193
-30.03986521097,-51.2378713488579
-30.0555912,-51.2376596
-30.0573570680467,-51.2329387664795
-30.0608731,-51.2357948
-30.0555912,-51.2376596
-30.106355,-51.241108
-30.106715,-51.244646
-30.1077282,-51.2462255
-30.107691,-51.240821
-30.1106966,-51.2442042
-30.1059092,-51.2424961
-30.081831,-51.36584
-30.1073934,-51.322408
-30.1086395,-51.3206537
-30.108614,-51.325322
-30.108214,-51.324468
-30.109824,-51.321665
-30.1085476,-51.3206177
-30.108391,-51.319478
-30.109066,-51.326477
-30.107429,-51.3231448
-30.109011,-51.327248
-30.103818,-51.321727
-30.1073023,-51.32784
-30.103505,-51.326821
-30.103736,-51.321926
-30.104283,-51.32485
-30.110462,-51.341455
-30.112686,-51.340214
-30.112082,-51.342215
-30.107485,-51.335563
-30.0327694416037,-51.204657554625
-30.0331403,-51.2044032
-30.0323822,-51.2057685
-30.0328395,-51.205787
-30.0331504,-51.2042515
-30.0323822,-51.2057685
-30.032382,-51.205768
-30.0325071,-51.2053034
-30.0331315,-51.2045996
-30.036296,-51.1932636
-30.0366,-51.194565
-30.037051,-51.193693
-30.0350152,-51.1944934
-30.0350152,-51.1944934
-30.0350152,-51.1944934
-30.036765,-51.19924
-30.035813,-51.19829
-30.03688,-51.199992
-30.035548,-51.196534
-30.036034,-51.197056
-30.0071382522574,-51.1297059059128
-30.0115104211872,-51.1326456069946
-30.0069124,-51.1323301
-30.0079222,-51.128023
-30.011156,-51.133972
-30.0114407,-51.1303325
-30.0121904,-51.1311007
-30.0109763,-51.1316054
-30.01311,-51.13334
-30.010141,-51.134515
-30.057657,-51.15512
-30.057767,-51.158353
-30.060103,-51.155388
-30.0530853838108,-51.1572360992432
-30.0541543,-51.1595025
-30.0566003,-51.1578136
-30.054115,-51.158135
-30.0586666666667,-51.15674
-30.0552,-51.159905
-30.057826,-51.159024
-30.039340453972,-51.2014389038086
-30.0409532,-51.2009735
-30.04094976,-51.20153762
-30.04136287,-51.20209449
-30.040308,-51.203397
-30.040487,-51.201079
-30.0396376618166,-51.2022972106934
-30.042272,-51.200701
-30.0422799,-51.2033841
-30.0554534054437,-51.1871588230133
-30.036851,-51.195015
-30.038471,-51.195891
-30.038471,-51.195891
-30.0376296,-51.1954693
-30.035927,-51.197012
-30.0376102,-51.1952873
-30.03822,-51.197448
-30.0426839908206,-51.2047433853149
-30.0419781424375,-51.2042713165283
-30.041546,-51.204219
-30.042034,-51.203947
-30.040834,-51.2041398
-30.041987,-51.204151
-30.0427954401056,-51.206202507019
-30.042985832344,-51.2048318982124
-30.04222074,-51.20538333
-30.040186,-51.204343
-30.0375809,-51.2031714
-30.037213,-51.201443
-30.03685,-51.201315
-30.0388389137128,-51.1994540691376
-30.0390803963767,-51.1998510360718
-30.0396005108847,-51.198263168335
-30.039565,-51.199042
-30.039782,-51.198761
-30.038254,-51.198945
-30.040243,-51.199265
-30.039554,-51.199154
-30.039135,-51.200709
-30.031791,-51.200318
-30.031654,-51.200327
-30.0234547908979,-51.2012591958046
-30.0282270270965,-51.2065753340721
-30.03338,-51.204161
-30.0328232,-51.2037981
-30.0333589565991,-51.2040138244629
-30.0336295,-51.204895
-30.0470275,-51.2029607
-30.0422965,-51.2079916
-30.043373,-51.205978
-30.0425898,-51.207928
-30.044488,-51.2066679
-30.0442335,-51.2069052
-30.0402042,-51.2012324
-30.0425725414102,-51.2085628509521
-30.0267354,-51.2092137
-30.025964,-51.20967
-30.0262617,-51.2094175
-30.026783,-51.209288
-30.027108,-51.2109944
-30.026604,-51.209295
-30.025922,-51.210835
-30.026564,-51.209243
-30.026556,-51.2093323
-30.026221,-51.2111478
-29.997263413532,-51.209264821002
-29.971751,-51.236088
-29.986542,-51.242587
-29.971751,-51.236088
-29.98685,-51.218154
-29.985247,-51.26788
-29.9969714,-51.2068538
-30.900169,-55.539594
-30.9014974,-55.541178
-30.9000578,-55.5402178
-30.897755,-55.539917
-30.90204,-55.541339
-30.9014974,-55.541178
-30.902148,-55.541183
-30.902426,-55.54177
-30.9070597,-55.5451961
-30.8911126,-55.5526006
-28.9662485,-52.371333
-28.460080004583,-52.200003862381
-28.797337,-52.514743
-28.978446,-52.368175
-28.473118,-52.201442
-28.833568,-52.510026
-28.464868,-52.211778
-28.890031,-52.413552
-28.9784735441208,-52.3681730031967
-28.8214116,-52.5105872
-31.0525769,-52.0383096
-31.016583171229,-52.053645273247
-31,-52
-31.0525769,-52.0383096
-30.701656,-52.110028
-31,-52
-30.544365,-52.525148
-31,-52
-31.008623,-52.052319
-30.858688,-71.229332
-30.704663,-71.028012
-30.695559,-70.911579
-30.781215,-70.949758
-31.178346,-71.00295
-30.848694,-71.25105
-30.69854,-70.958506
-30.713312,-70.902752
-31.175855,-71.002229
-30.8356250456459,-71.3033294677734
-12.1419419751345,-45.0110292434692
-12.1598484226015,-45.0063192844391
-12.1636713152832,-45.0076603889465
-12.13701,-45.013815
-12.13834,-45.0130417
-12.159761385721,-45.006257327992
-12.1592112684772,-45.0060135126114
-12.1744973021601,-45.011351108551
-12.1563899421576,-45.0056540966034
-12.1662906729736,-45.0087037682533
-19.793613,-45.682839
-19.7973892,-45.6940595
-19.7902964,-45.685663
-19.842493,-45.406019
-19.789306,-45.682585
-19.78319344,-45.660587
-20.014652,-45.542142
-19.799429,-45.683844
-20.0103452,-45.5438226
-19.782316,-45.563991
-20.654265,-46.215534
-20.69985902,-46.36240717
-20.863753,-46.385419
-21.126145,-46.421739
-20.70485785,-46.25828638
-20.706756,-46.367737
-21.125866,-46.42115
-20.6554766,-46.197359
-20.661323,-46.231222
-20.862952,-46.383629
-21.3596905,-46.1531138
-21.341017,-46.38681
-21.373895,-46.159027
-21.355128,-46.15209
-21.096617,-46.201384
-21.358332,-46.151127
-21.358623,-46.145785
-21.293381,-46.141162
-24.7922331,-50.0116841
-24.7922331,-50.0116841
-24.789555,-50.011918
-24.789429,-50.012762
-24.7902841,-50.0087541
-24.786187,-50.018802
-24.7951643,-50.0148673
-24.268211,-50.236281
-24.246823,-50.246041
-24.253021,-49.708465
-24.24014,-49.685151
-24.532015,-49.938135
-23.878704,-49.803342
-24.5321,-49.931727
-24.243979,-50.242855
-24.791446,-49.945543
-24.783799,-49.950309
-27.1013866218605,-48.9236640930176
-27.103537,-48.921552
-27.1086875,-48.9196527
-27.103537,-48.921552
-27.1078956127159,-48.9264535903916
-27.1062383378363,-48.9189004898071
-27.144693,-48.906199
-27.1129473033226,-48.9186054468155
-29.3641412,-50.8087594
-29.364345,-50.80811
-29.3658929278173,-50.8113974332809
-29.363327,-50.805244
-29.3600161300579,-50.7914257049561
-29.363138,-50.787313
-29.364487,-50.809459
-29.367166,-50.811995
-29.372362,-50.816942
-29.366591,-50.807013
-30.0581278088377,-51.1750942468643
-23.5473072610301,-46.6522407531738
-23.5572210223453,-46.6536998748779
-30.0363311743368,-51.1872339248657
-30.0354023658697,-51.1853456497192
-30.0365912391476,-51.1858606338501
-30.036386902568,-51.1861610412598
-30.0358481950204,-51.1873519420624
-30.036625,-51.186641
-30.0354,-51.186874
-30.037118,-51.187185
-30.036925607187,-51.1865901947021
-30.036444,-51.186434
-30.045783519744,-51.230118
-30.0458275,-51.203722
-30.0438308715812,-51.2022972106919
-30.045351,-51.204494
-30.044079,-51.203841
-30.0446788,-51.2018367
-30.0449182,-51.2022735
-30.043569,-51.202255
-30.04312641,-51.20254077
-30.043565,-51.202009
-30.0492617,-51.2100022
-30.0512552261344,-51.209878
-30.0513224,-51.2083699
-30.0517728,-51.2077356
-30.0520763,-51.2087915
-30.0515642,-51.2083244
-30.050156,-51.211064
-30.0516195,-51.2075724
-30.050156,-51.211064
-30.034491,-51.204191
-30.0284386,-51.1992294
-23.5417992928029,-46.6294312477112
48.8606069251555,2.35224366188049
-23.5644548,-46.6528844
48.8520976,2.3555144
48.852019,2.3559505
48.8519465,2.3561128
48.852173,2.355026
48.852319,2.355151
48.8523014,2.3551789
48.8522098,2.3554284
48.852026,2.356037
48.846841097567,2.33596801757812
-30.0483423,-51.2179947
-30.0228811781866,-51.219334602356
-30.100886,-51.265945
-30.0967593026748,-51.2570142745972
-30.0983187288832,-51.2605655193329
-30.0988847,-51.2640844
-30.102055,-51.261006
-30.09778,-51.257213
-30.104936,-51.262892
-30.102841,-51.257494
-30.1100553,-51.2575476
-30.116398,-51.270649
-30.111647,-51.261177
-30.1100553,-51.2575476
-30.103977,-51.261031
-30.104795,-51.262871
-30.123824,-51.250514
-30.123024,-51.252942
-30.1316733,-51.2402792
-30.123318,-51.254791
-30.1228564,-51.2510164
-30.122385,-51.2527015
-30.1270222,-51.2425512
-30.131388,-51.240385
-30.122932,-51.2491906
-30.1210761254574,-51.2531518936157
-27.0942423738895,-52.6169157028198
-27.09414,-52.61700295
-27.0950639247886,-52.6157569885239
-27.094324,-52.6157999038681
-27.095299,-52.615648
-27.0916950702667,-52.6158267259598
-27.0926424,-52.6177137
-27.0935884,-52.6148224
-27.092223,-52.617814
-27.097133,-52.61262
-27.094591856002,-52.613668
-27.095882,-52.61502
-27.0959234144189,-52.614426612854
-27.0943187853701,-52.610821723938
-27.0976617366089,-52.6144587993622
-27.0975744724266,-52.6143836975082
-27.0985690918682,-52.6137185096741
-27.0958419,-52.6187249
-27.0949932,-52.6189539
-27.098977,-52.62129
-27.0961284,-52.6201979
-27.0957323883568,-52.6196193695068
-27.0959115028373,-52.6170015335068
-27.0967814,-52.6186069
-27.094243,-52.618063
-27.094916,-52.619122
-27.0961284,-52.6201979
-27.100389,-52.618853
-27.09995,-52.6189778
-27.0996468,-52.6175702
-27.101529,-52.620915
-27.10255,-52.620064
-27.098368406295,-52.6179027557358
-27.0975530147545,-52.6160788536057
-27.096613,-52.61704
-27.098796,-52.615886
-27.095022,-52.616751
-27.1016349,-52.6150073
-27.1005129,-52.616064
-27.099707,-52.61572
-27.1019776,-52.6149211
-27.1004697385266,-52.6143407821655
-27.1026526,-52.6147315
-27.1003455766645,-52.6144158840179
-27.100858,-52.615483
-27.1011826,-52.6155245
-27.102112482508,-52.6147055625916
-27.0953523166667,-52.61506185
-27.0988269704423,-52.6149094104767
-27.0988404750824,-52.6135629415512
-27.0981634,-52.6139299
-27.0977142679034,-52.614786028862
-27.0981634,-52.6139299
-30.0451358461275,-51.1978769302368
-30.0213525,-51.2081154
-30.0220687,-51.2085079
-30.0227636,-51.2093806
-30.0226721,-51.2091007
-30.022318,-51.20873
-30.022574,-51.208681
-30.023757,-51.208704
-30.021427,-51.208051
-30.023841,-51.20888
-30.021888,-51.207784
-30.023784,-51.208375
-30.0248184204102,-51.2085843086228
-30.0234954,-51.209967
-30.022947,-51.196517
-30.023136,-51.196527
-30.0230415,-51.1968564
-30.0230415,-51.1968564
-30.0229973,-51.1967553
-30.023118,-51.196863
-30.022862,-51.197097
-30.0237993,-51.1967142
-30.0236755,-51.1967745
-30.023862,-51.196973
-30.0239555,-51.2062185
-30.0251,-51.208772
-30.025407,-51.208161
-30.0242579,-51.2063987
-30.024086,-51.20789
-30.0243574,-51.208177
-30.021851,-51.207626
-30.0275257201668,-51.2040138244629
-30.0406561,-51.2050641
-30.0405831,-51.2051006
-30.040834,-51.2041398
-30.042926,-51.204945
-30.046761,-51.204813
-30.0460372,-51.2045975
-30.0458042,-51.2037155
-30.0446319,-51.2043312
-30.044655,-51.204417
-30.046223,-51.203872
-30.04605,-51.204727
-30.0472718827249,-51.1993306875229
-30.0476488,-51.1998482
-30.046894,-51.201129
-30.0476488,-51.1998482
-30.0483,-51.20235
-30.0486332,-51.2017395
-30.037074,-51.194435
-30.036627,-51.194565
-30.036757,-51.194412
-30.03675439,-51.18633294
-30.036182,-51.18576
-30.038471,-51.195891
-30.038425,-51.194352
-30.038471,-51.195891
-30.039394,-51.194996
-30.0387893,-51.1956379
-30.039138,-51.196201
-30.0385231278027,-51.2075328826904
-30.0216921404586,-51.2082624435425
-30.0262437,-51.1996487
-30.025581,-51.200691
-30.025618,-51.200592
-30.0263738940459,-51.200065612793
-30.026591,-51.200116
-30.024975,-51.200178
-30.026069,-51.19877
-30.02722,-51.199625
-30.027134,-51.199747
-30.0245674,-51.2029002
-23.544887717688,-46.6632485389709
-20.4713173,-54.5808175
-20.474159,-54.582888
-20.4711644339243,-54.5736408233643
-20.473532,-54.5832993
-20.473354,-54.579949
-20.467752,-54.577192
-20.47029,-54.581233
-20.470311,-54.580559
-21.8004219,-50.8722064
-21.796769,-50.872702
-21.796816,-50.87505
-21.794036,-50.873004
-21.7959302,-50.8773512
-21.79111,-50.870717
-21.794941,-50.872406
-23.6702063,-46.5030772
-23.6721199,-46.498093
-23.6755782,-46.4971635
-23.6737822,-46.4971461
-23.666912,-46.495765
-23.5247523,-46.9534404
-23.5268723,-46.9550404
-23.5268723,-46.9550404
-23.528231,-46.947583
-23.5268723,-46.9550404
-23.52784,-46.949202
-21.979455,-47.880984
-21.8984109,-47.8939356
-21.945558,-47.897204
-21.973781,-47.901769
-21.9797124265737,-47.8809285163879
-21.866922,-47.894286
-21.962966,-47.898398
-21.8478086,-47.9115416
-7.2012449,-48.2081275
-7.201745,-48.214861
-7.2028256,-48.2074116
-7.19785114225335,-48.2126641273499
-7.2028256,-48.2074116
-7.197342,-48.211273
-7.1969144440826,-48.2081365585327
-7.1930046,-48.2073006
-7.2028256,-48.2074116
-7.1971421,-48.208173
-7.20891952514627,-48.2383060455308
-7.195223,-48.220027
-7.1939577,-48.2107473
-7.1942481,-48.2033635
-7.1944445,-48.2026555
-30.0277041,-51.2287346
-30.0277041,-51.2287346
-30.0277041,-51.2287346
-30.0277041,-51.2287346
-30.0314815,-51.2267454
-30.0315179,-51.2269508
-30.0318081,-51.2276251
-30.0324672738952,-51.2274134159088
-30.031653,-51.226981
-30.0323792,-51.2275415
-30.032392,-51.226802
-30.032212,-51.226951
-30.0323792,-51.2275415
-30.0323792,-51.2275415
-30.0204062,-51.1972809
-30.019431,-51.197292
-30.0198699,-51.1973297
-30.0197862,-51.1973824
-30.0198699,-51.1973297
-30.02054,-51.195234
-30.01823149,-51.19549596
-30.0197,-51.197084
-30.019958,-51.197387
-30.0103224,-51.1470312
-30.009775,-51.145662
-30.0087975970133,-51.1447477340698
-30.0089,-51.14493
-30.008816,-51.144472
-30.00979,-51.144426
-30.008414,-51.144441
-30.008604,-51.143985
-30.007271,-51.145964
-30.008939,-51.144601
-30.110552,-51.153885
-30.0978076,-51.1333893
-30.1127845,-51.1767941
-30.0765865,-51.131348
-30.126791,-51.168734
-30.133674,-51.165887
-30.0966579,-51.1389912
-30.1239917333333,-51.3568109
-30.124863,-51.336145
-30.1277575626864,-51.3549041748047
-30.1492631435386,-51.3661050796494
-30.1540706031942,-51.3715553283691
-30.1189834,-51.3588358
-29.9904748012615,-51.1774921417236
-29.9965239278603,-51.2248170375824
-29.994147,-51.218118
-29.9915315,-51.2262974
-29.986559,-51.218047
-30.014807,-51.22086
-30.0263460271191,-51.2286043167114
-30.0263106822959,-51.2270593643174
-30.0263106822959,-51.2270593643174
-30.017584,-51.232651
-30.02466,-51.227797
-30.0261819362632,-51.2277460098252
-30.022622,-51.223878
-30.0263421,-51.2277586
-30.025066137313,-51.2269520759568
-30.00639,-51.203419
-30.007792,-51.206895
-30.0049137,-51.20565
-30.007492,-51.207823
-30.0059568,-51.2047288
-30.0046083,-51.2029226
-30.007865,-51.204363
-30.0082684,-51.2043165
-30.003349,-51.203983
-29.99342305,-51.27565182
-29.998991,-51.280333
-29.989424,-51.207548
-29.989656,-51.268337
-29.983994,-51.273536
-29.969651,-51.282479
-29.9966132,-51.2117815
-30.004325,-51.233577
-30.025635,-51.240731
-30.0145483245793,-51.2207078933716
-29.962905,-51.236663
-29.91787635,-51.20679998
-29.9636031,-51.188831
-29.9429552,-51.1889398
-29.9411535,-51.1895142
-29.9431161,-51.1888475
-29.9412047,-51.1894561
-29.979559,-51.196193
-29.9611304,-51.194415
-29.997036,-51.212955
-29.998971,-51.306006
-29.996926,-51.30464
-30.000894,-51.300094
-30.0012467,-51.304972
-29.9996180390456,-51.3064956665039
-30.004665,-51.306098
-29.999837,-51.306066
-30.001761,-51.307011
-30.0065120779747,-51.3149929046631
-30.009383,-51.317779
-30.022851,-51.325101
-30.0068937256962,-51.3144710810123
-30.0065120779747,-51.3135230541229
-30.0079056934091,-51.3149070739746
-30.012741,-51.315872
-30.045,-51.328
-30.036352,-51.327548
-30.09189,-51.31904
-30.0061442,-51.31440555
-30.0222656,-51.2181383
-30.021172,-51.216851
-30.023345,-51.218647
-30.021088,-51.217208
-30.02118,-51.217158
-30.0214320365549,-51.2161159515381
-30.0222656,-51.2181383
-30.022651,-51.217834
-30.0222656,-51.2181383
-30.02324,-51.217565
-30.0204037,-51.2070724
-30.019023,-51.2097041
-30.020708,-51.207332
-30.019429,-51.2078988
-30.0183761,-51.2085914
-30.0196169,-51.2078236
-30.0195308,-51.2092464
-30.02025563,-51.20707593
-30.015155,-51.21827
-30.013559,-51.213329
-30.0129331,-51.2128018
-30.0247672,-51.2223205
-30.0256957966033,-51.2200105190277
-30.0239883,-51.2211052
-30.0257941,-51.2211746
-30.026385,-51.221009
-30.0237894058219,-51.2208795547471
-30.0255147,-51.219853
-30.0265691,-51.2209646
-30.0265868,-51.2214232
-30.029193,-51.240458
-30.0302380320372,-51.2356746196747
-30.029193,-51.240458
-30.026279,-51.243859
-30.025635,-51.240731
-30.029193,-51.240458
-30.0299536,-51.2358898
-30.030278,-51.236564
-30.031171,-51.2385062
-30.031636,-51.237574
-30.0341578,-51.2405477
-30.005517,-51.258413
-30.030004,-51.236361
-29.99721,-51.1973235
-29.9984604,-51.1958343
-29.9984287224354,-51.1975765228271
-29.997751,-51.1964673
-29.997751,-51.1964673
-29.99813694,-51.19558466
-29.998063,-51.198049
-29.997317,-51.19681
-29.9970425,-51.1975416
-29.9983941,-51.1958525
-30.037845113478,-51.2415111064911
-30.0372,-51.240909
-30.03694,-51.241312
-30.034549,-51.241165
-30.0424328,-51.3024559
-30.102441,-51.259078
-30.103747,-51.26169
-30.102713,-51.264154
-30.0228254423616,-51.2195599079132
-30.022437,-51.220111
-30.0227697065053,-51.219334602356
-30.022916,-51.219103
-30.0228440209734,-51.2194097042084
-30.023071,-51.219215
-30.029616,-51.235696
-30.001695,-51.306891
-30.0776357670326,-51.245641708374
-30.0829022,-51.24684
-30.0829022,-51.24684
-30.08088,-51.246251
-30.0829022,-51.24684
-30.0829022,-51.24684
-30.0829022,-51.24684
-30.077778,-51.245554
-30.0829022,-51.24684
-30.0829022,-51.24684
-30.033519,-51.240214
-30.0341578,-51.2405477
-30.032207198262,-51.3045644760132
-30.033538,-51.309442
-30.1157894134521,-51.3137474060059
-30.1156971,-51.3144935
-30.1140734,-51.3148631
-30.0293085,-51.2116981
-30.0289747727284,-51.2100648880005
-30.029454,-51.210962
-30.0293179,-51.2098122
-30.029313,-51.210122
-30.029211,-51.2110054
-30.0290511,-51.2101823
-30.0280352,-51.2103586
-30.0607693,-51.2003756
-30.060289,-51.200251
-30.06061,-51.198701
-30.0585552,-51.2004726
-30.061769,-51.200738
-30.060289,-51.200251
-30.057713,-51.20029
-30.0634484,-51.2060605
-30.0611457120215,-51.1746168136597
-30.025189,-51.208692
-30.025673,-51.208141
-30.025305,-51.209155
-30.025207,-51.209071
-30.02609,-51.209134
-30.029734,-51.20797
-30.029825,-51.2082825666667
-30.02957,-51.208224
-30.0290305050962,-51.2074041366577
-30.0305251,-51.2065293
-30.0288268228873,-51.20708665
-30.031092,-51.206742
-30.02912636,-51.20708665
-30.0299449,-51.2058653
-30.030702461559,-51.2063956260681
-30.037651,-51.207273
-30.0391546986165,-51.2065458297729
-30.0373714294846,-51.2082624435425
-30.038576,-51.207731
-30.037996,-51.205839
-30.037372,-51.206781
-30.038266,-51.206219
-30.039177,-51.208107
-30.0387591,-51.2083241
-30.0417557,-51.2212184
-30.0258903,-51.2056005
-30.0255564609379,-51.2048292160034
-30.0244046119364,-51.2053442001343
-30.0258537101206,-51.2056016921997
-30.024831,-51.205548
-30.0248592,-51.2048294
-30.0248592,-51.2048294
-30.0248592,-51.2048294
-30.0248592,-51.2048294
-30.025167,-51.20445
0,0
0,0
-30.0362832,-51.204109
-30.0223873,-51.2088294
-30.028367,-51.209281
-30.0282130938945,-51.2085735797882
-30.0279483,-51.2098413
-30.028518,-51.209282
-30.02847,-51.209223
-30.0277756,-51.2088019
-30.0277932,-51.2088155
-30.023479,-51.204673
-30.0231912,-51.2057424
-30.0239555,-51.2062185
-30.0233676,-51.205266
-30.0232173,-51.2057241
-30.0258276,-51.2068122
-30.0253112,-51.2070325
-30.027047,-51.207731
-30.0289376177991,-51.2029194831848
-30.0285662,-51.2025224
-30.028983,-51.202648
-30.0285662,-51.2025224
-30.0285662,-51.2025224
-30.028654,-51.202773
-30.0288261529277,-51.2028765678406
-30.0285662,-51.2025224
-30.0285732,-51.2030574
-30.0340142,-51.2026334
-30.0388818,-51.2019747
-30.0393173,-51.1995357
-30.028981,-51.208419
-30.0289042,-51.2079292
-30.02899,-51.207907
-30.0284856,-51.2083777
-30.0289761,-51.2085033
-30.0284267361092,-51.2083697319031
-30.029128,-51.208882
-30.028937,-51.2082152
-30.028944,-51.208481
-30.0287890434256,-51.208908
-30.0293369,-51.2118637
-30.029009,-51.21177
-30.0238458,-51.2090143
-30.0243202,-51.2095205
-30.024555,-51.208877
-30.0346964656125,-51.2089061737061
-30.0348256,-51.2084178
-30.0348547,-51.2083783
-30.0342506312804,-51.2098395824432
-30.034746,-51.2097218
-30.035096,-51.208357
-30.035445,-51.209167
-30.0338067,-51.2084344
-30.035675,-51.208398
-30.043134,-51.208391
-30.042438,-51.208633
-30.0436868,-51.2095426
-30.0444571,-51.210435
-30.0453961,-51.2098419
-30.0458072,-51.2095366
-30.042451,-51.208533
-30.044143,-51.209354
-30.0435485,-51.2075308
-30.043247,-51.207201
-30.0435485,-51.2075308
-30.049434,-51.202962
-30.04879,-51.202357
-30.0485932,-51.2038385
-30.0486084,-51.2038505
-30.0487763678107,-51.2019538879395
-30.049098,-51.20144
-30.051299,-51.202225
-30.050372,-51.202693
-30.050826072692,-51.2001085281357
-30.051685,-51.203147
-30.049766,-51.20138
-30.02814482,-51.20636936
-30.0283338482464,-51.2069857120514
-30.027927,-51.206773
-30.026697,-51.2087130546555
-30.028023,-51.206582
-30.0283296,-51.2075143
-30.02793,-51.206565
-30.0272006093109,-51.2030053138733
-30.0272098982073,-51.2034237384796
-30.027327,-51.203139
-30.0273863870734,-51.2040138244629
-30.027297,-51.203241
-30.027448,-51.203278
-30.02728636,-51.20303209
-30.02730563,-51.20269924
-30.026534,-51.203564
-30.029267,-51.210052
-30.02938,-51.209944
-30.0297422,-51.2098197
-30.028943,-51.207756
-30.0285146,-51.2085117
-30.0285687,-51.2035384
-30.0286084,-51.2037699
-30.028661,-51.203507
-30.028844730415,-51.2031984329224
-30.028671026229,-51.2031126022324
-30.028505,-51.20361
-30.0286084,-51.2037699
-30.0285687,-51.2035384
-30.02878,-51.203939
-30.031621,-51.187865
-30.032168,-51.188982
-30.0301219243167,-51.1881364881992
-30.0320572,-51.1888674
-30.032036,-51.188939
-30.032869,-51.188405
-30.03363,-51.18935
-30.0317334873194,-51.191611289978
-30.0260952244254,-51.2051510810852
-30.0261452,-51.2049361
-30.026626,-51.204923
-30.0261452,-51.2049361
-30.0263202,-51.2052074
-30.0261452,-51.2049361
-30.0232173,-51.2057241
-30.0252656,-51.204364
-30.026265,-51.196489
-30.0262308,-51.1973815
-30.0262617,-51.1976403
-30.026463,-51.197519
-30.0260861,-51.1961107
-30.026149,-51.197081
-30.025942,-51.196624
-30.0258179,-51.1977204
-30.0258096,-51.1964204
-30.027291,-51.197052
-30.0225412,-51.1998694
-30.02197506,-51.199794
-30.022185,-51.199401
-30.0224681,-51.1988217
-30.02236042,-51.19920719
-30.0225412,-51.1998694
-30.0225407,-51.1996672
-30.021258,-51.199408
-30.021557,-51.199088
-30.022145,-51.198556
-30.022071,-51.207344
-30.02277,-51.207707
-30.071518,-51.212987
-30.0221029,-51.2073471
-30.023522,-51.207823
-30.0217455,-51.2070315
-30.0316296,-51.2123097
-30.031181,-51.212928
-30.031742,-51.212563
-30.0321068,-51.2134093
-30.032211,-51.21342188
-30.0318252,-51.2143029
-30.031655,-51.21433
-30.031528,-51.213378
-30.0373665,-51.2226179
-30.0376798,-51.2222016
-30.0374085812522,-51.2229824066162
-30.037317,-51.222944
-30.0380564,-51.2228335
-30.0376629,-51.2222235
-30.0375443,-51.2223813
-30.0375571881833,-51.2225532531738
-30.0375866889945,-51.2227678298935
-30.0378065,-51.2224716
-30.0333089,-51.2187908
-30.0263808607764,-51.1957284808159
-30.025662,-51.196382
-30.0259651783344,-51.1962246894836
-30.0261107,-51.1963682
-30.0259280222771,-51.1965465545654
-30.0277041,-51.2287346
-30.0362832,-51.204109
-30.037283,-51.204212
-30.0371856704377,-51.2048292160034
-30.037215,-51.204227
-30.037683248519,-51.2047219276413
-30.037314,-51.204297
-30.037617,-51.203293
-30.037513,-51.204785
-30.037254,-51.204226
-30.041728,-51.205012
-30.042056,-51.205541
-30.0414208901617,-51.2016105651855
-30.0404405593863,-51.2015461921677
-30.04031435,-51.20130905
-30.042028,-51.201046
-30.063594,-51.239089
-30.064558,-51.238684
-30.0657069683066,-51.2372303009018
-30.066555,-51.237432
-30.06438035,-51.23912523
-30.0672359,-51.23700299
-30.067208,-51.236789
-30.0654054418558,-51.2367609143257
-30.06439,-51.236222
-30.071532,-51.240861
-30.0725664818365,-51.2125754356384
-30.0701808929435,-51.21493577957
-30.072921,-51.212463
-30.069664,-51.214698
-30.0669622,-51.2136191
-30.067202,-51.213895
-30.068978,-51.212231
-30.0664471,-51.2126299
-30.0721193,-51.20622734
-30.073078,-51.209233
-30.072746,-51.208663
-30.07576,-51.206355
-30.0724556,-51.2087946
-30.0433373451224,-51.1998724937424
-30.04239229,-51.20143654
-30.041835,-51.203652
-30.0386061,-51.2021384
-30.0388082,-51.2039145
-30.0388082,-51.2039145
-30.038249,-51.202505
-30.0388082,-51.2039145
-30.0391161,-51.2026348
-30.0227392,-51.2031764
-30.044904,-51.19807498
-30.0448456202094,-51.1978474259377
-30.045222,-51.1977606
-30.044693,-51.198237
-30.0440585232394,-51.1986494064331
-30.0453329086295,-51.1985635757431
-30.043057,-51.19774
-30.0433355,-51.1998349
-30.037024,-51.204807
-30.0373895,-51.2049576
-30.037195,-51.203867
-30.040325,-51.198977
-30.039746,-51.199199
-30.040325,-51.198977
-30.041176,-51.199651
-30.048183,-51.198432
-30.0478022,-51.1995946
-30.047449,-51.198883
-30.047449,-51.198883
-30.047449,-51.198883
-30.0496978,-51.1988453
-30.022852,-51.202029
-30.0329272,-51.1984744
-30.0387447,-51.1884341
-30.0387447,-51.1884341
-30.040586,-51.18837
-30.040932,-51.188021
-30.039371,-51.187428
-30.040267,-51.18738
-30.040038,-51.18693
-30.0371831,-51.1850168
-30.0369185,-51.1851249
-30.0349936873863,-51.1852169036865
-30.034854,-51.18526
-30.035111,-51.184998
-30.035614,-51.186
-30.0349666,-51.1853189
41.377491,64.5852620000001
41.6126188416685,64.2297005653381
40.978863,67.5
-30.0278018,-51.210844
-30.0272416,-51.2114627
-30.027994,-51.2121478
-30.02694,-51.212018
-30.026181,-51.211664
-30.0281281,-51.2108105
48.8566667,2.3509871
48.860917495034,2.33613967895508
48.8705371484182,2.34216928482056
-30.0295012,-51.2286878
-30.0284816,-51.228358
-30.029296,-51.228447
-30.029251,-51.228414
-30.028718,-51.228907
-30.029547275,-51.228549
-30.0290574,-51.2285616
-30.0285626,-51.2285152
-30.0288555,-51.2293027
-30.0293927,-51.2286678
-30.021051,-51.217082
-30.02071978,-51.21740627
-30.021254,-51.2173798
-30.0114332,-51.2107329
-30.0137089,-51.2091022
-30.016281,-51.210607
-30.011261,-51.210744
-30.0145478,-51.2101491
-30.0145840644836,-51.2132835388184
-30.0114332,-51.2107329
-30.0160663,-51.2086559666667
-30.024124,-51.201506
-30.0422604823942,-51.2770729064941
-30.0398371,-51.2140201
-30.039982,-51.213587
-30.040478,-51.212833
-30.040577,-51.213097
-30.039714,-51.2138117
-30.0401,-51.213523
-30.0403194,-51.2148355
-30.04074,-51.21362
-30.0396283740849,-51.2129402160645
-30.0334668159476,-51.2190985679612
-30.0335521,-51.2185706
-30.03386,-51.218551
-30.033799,-51.220024
-30.0335521,-51.2185706
-30.0356995855264,-51.2191200256348
-30.0333089,-51.2187908
-30.03377,-51.219254
-30.0333089,-51.2187908
-30.032967,-51.219128
-30.0325936,-51.2185071
-30.0335075696031,-51.2200212478638
-30.04225,-51.214701
-30.042352,-51.214541
-30.040873,-51.213831
-30.0422975,-51.2142961
-30.042303,-51.214303
-30.041279,-51.214046
-30.041283,-51.214885
-30.0404132,-51.2150286
-30.041734,-51.1964531
-30.041936,-51.196037
-30.040663,-51.196259
-30.040635,-51.197614
-30.04117915,-51.19545085
-30.041585,-51.196208
-30.040663,-51.196259
-30.041231,-51.195588
-30.0473276048023,-51.2154078483582
-30.046143,-51.215793
-30.0471805,-51.2148202
-30.046316,-51.213807
-30.0475621,-51.2159662
-30.0463672,-51.2139969
-30.046873,-51.215018
-30.0604916,-51.2071269
-30.059307,-51.205693
-30.058133,-51.207272
-30.058224,-51.207006
-30.061323,-51.203599
-30.0630678362447,-51.2062454223633
-30.0594249,-51.2078164
-30.0595713,-51.2034633
-30.0403379,-51.2011825
-30.0440954,-51.1968488
-30.0426839908206,-51.1979198455811
-30.042114,-51.198138
-30.043057,-51.19657
-30.0431593,-51.1965845
-30.042805,-51.196025
-30.051815,-51.22804693
-30.0508099,-51.2291543
-30.048632,-51.230515
-30.0494481,-51.2294707
-30.052386,-51.229982
-30.0500643253326,-51.22942507267
-30.052141,-51.228004
-30.0279344294442,-51.2057304382324
-30.038522,-51.202142
-30.0389964,-51.2016544
-30.037813,-51.202641
-30.037617,-51.194948
-30.040427,-51.19361
-30.0406035811542,-51.1952590942383
-30.03917,-51.194346
-30.0399938,-51.1945077
-30.0403747,-51.1940732
-30.04017,-51.194595
-30.0399938,-51.1945077
-30.027405,-51.204901
-30.0275418,-51.2046749
-30.0275074,-51.2044532
-30.0272284759974,-51.2044429779053
-30.0276762,-51.2052124
-30.0272442,-51.2041454
-30.0275925,-51.2048764
-30.02773,-51.20446243
-30.0233196,-51.1976064
-30.0251876,-51.1978753
-30.025596,-51.196509
-30.0247969,-51.1968693
-30.0254982,-51.1964784
-30.0248672,-51.1979144
-30.025309,-51.196677
-30.0254982,-51.1964784
-30.033129,-51.195434
-30.0329647,-51.1970443
-30.0339281558982,-51.1970400810227
-30.0330897,-51.1958857
-30.033051,-51.195607
-30.034843,-51.200295
-30.0343212,-51.2008125
-30.028166,-51.205859
-30.028,-51.206
-30.028445,-51.206252
-30.028656,-51.206461
-30.0244348016979,-51.2027759850025
-30.0246942,-51.2031094
-30.0246182623589,-51.2028121948242
-30.0245289,-51.2029073
-30.024420867963,-51.2027424573898
-30.0244231902523,-51.2028872966766
-30.0246936,-51.2030839
-30.0246942,-51.2031094
-30.0246226,-51.2030393
-30.0261248,-51.2028601
-30.025293,-51.203093
-30.0261881143859,-51.2026405334473
-30.0261608,-51.202848
-30.0255703945132,-51.2022972106934
-30.0264063,-51.2031613
-30.0260205,-51.2026682
-30.025204,-51.203373
-30.026064,-51.202581
-30.0255559,-51.2022447
-30.028312,-51.202915
-30.0284112,-51.2030847
-30.028534,-51.20297
-30.028068,-51.202764
-30.0282633,-51.2030919
-30.0286334,-51.203034
-30.0284696,-51.203043
-30.0261509584121,-51.2118673324585
-30.0261881143859,-51.2123823165894
-30.026788,-51.212327
-30.026167,-51.211709
-30.0264110499361,-51.2123823165894
-30.0264853616747,-51.2125539779663
-30.026704,-51.212456
-30.0293266,-51.2125168
-30.0293795,-51.2120502
-30.029107,-51.211855
-30.0321478,-51.2194394
-30.0324221,-51.2270066
-30.0324564,-51.2264551
-30.0324627,-51.2262565
-30.0345199897626,-51.2270379066467
-30.033609,-51.227799
-30.0334889929898,-51.2278962135315
-30.0333994,-51.2266278
-30.0336561823843,-51.2267160415649
-30.03385,-51.22635
-30.0223127,-51.1969658
-30.0229369139802,-51.2116420269012
-30.022911,-51.211157
-30.02275913,-51.2114418
-30.0239029960915,-51.2107086181641
-30.022385,-51.210111
-30.023451,-51.210257
-30.0229418277732,-51.2113738059983
-30.0272442,-51.2041454
-30.0272442,-51.2041454
-30.0272442,-51.2041454
-30.0272442,-51.2041454
-30.01832,-51.215304
-30.0296064043953,-51.194314956665
-30.0309918,-51.1944998
-30.0306467301313,-51.1941593885422
-30.0298618425293,-51.1953610181808
-30.0302512,-51.1944736
-30.0302512,-51.1944736
-30.031703,-51.195046
-30.029932,-51.193268
-30.0298479095572,-51.1956453323364
-29.924664,-50.096496
-29.968232,-50.115489
-29.9651232,-50.1163625
-29.935419,-50.1032127
-29.979313,-50.120043
-29.9599318,-50.1147903
-29.962873,-50.114956
-29.973557,-50.11883
-30.39456,-57.969825
-30.00555,-57.726556
-29.7893536090842,-58.0513501167281
-30.076919,-57.998328
-29.780334,-58.067441
-29.791167244676,-58.088587959909
16.454811,14.613366
15.7661969,24.9042208
15.7661969,24.9042208
15.7661969,24.9042208
-30.0362832,-51.204109
-30.035791,-51.2042591
-30.0284634,-51.2140588
-30.0277523,-51.2134098
-30.0293254,-51.2131042
-30.0286714,-51.2140072
-30.02858,-51.213044
-30.0293286,-51.2130563
-30.0294299194818,-51.2134659290314
-30.0292628,-51.2139005
-30.0292755,-51.2137973
-30.0293299,-51.2129843
-30.0293299,-51.2129843
-30.033034,-51.211153
-30.0326348,-51.2108826
-30.0330292,-51.2109195
-30.033017,-51.2109384
-30.0330292,-51.2109195
-30.0362940221653,-51.2112665176392
-30.0367398473044,-51.210880279541
-30.037213,-51.211738
-30.0366357,-51.2106406
-30.035929,-51.211824
-30.036298,-51.211162
-30.0354782,-51.2110923
-30.0357076,-51.2112223
-30.03591,-51.211752
-30.0365581,-51.2111898
-30.0395262089793,-51.2059879302979
-30.065234,-51.247766
-30.0829022,-51.24684
-30.0829022,-51.24684
-30.0829023,-51.24684
-30.0664319,-51.2125876
-30.0658571,-51.2125193
-30.065404,-51.212395
-30.06659811,-51.2138707
-30.0642704,-51.2150645
-30.0624022,-51.2126467
-30.0313032,-51.2084595
-30.0313032,-51.2084595
-30.0313032,-51.2084595
-30.031446,-51.207555
-30.0344272,-51.2136245
-30.0344272,-51.2136245
-30.035365,-51.214169
-30.0344272,-51.2136245
-30.0344272,-51.2136245
-30.034515,-51.212961
-30.0344272,-51.2136245
-30.034136,-51.2134366761237
-30.0402956,-51.2080961
-30.0406532,-51.2081
-30.0396748127344,-51.2074041366577
-30.0402956,-51.2080961
-30.040124,-51.207982
-30.03929,-51.206527
-30.047078,-51.204878
-30.0468028873316,-51.204931139946
-30.0468539661455,-51.2053871154785
-30.046455,-51.204931
-30.046544,-51.205079
-30.034245,-51.205867
-30.0348165,-51.2057218
-30.0349458,-51.2057208
-30.0335419178,-51.2055158615097
-30.0350932,-51.2072795
-30.0350852,-51.2065445
-30.034641,-51.205171
-30.0336933355448,-51.2037563323975
-30.0423932075492,-51.2045502662644
-30.0544969172484,-51.2068462371826
-30.0525335,-51.2068101
-30.0524059,-51.2040066
-30.0524059,-51.2040066
-30.050472,-51.205778
-30.037254,-51.204226
-30.035136,-51.207595
-30.03321,-51.193684
-30.03411,-51.193261
-30.034047,-51.193777
-30.036036,-51.193149
-30.044249,-51.192893
-30.0434622,-51.1951715
-30.0450306,-51.192428
-30.040325,-51.198977
-30.042234,-51.198171
-30.042959,-51.198225
-30.042018,-51.198015
-30.045586,-51.206014
-30.04664378,-51.20563187
-30.014896,-51.174047
-30.0189795947749,-51.1754751205444
-30.018227,-51.17382
-30.0181249417213,-51.1740803718567
-30.0184727,-51.1751313
-30.018352,-51.174966
-30.018198,-51.175917
-30.0147043,-51.1739102
-30.018405,-51.174901
-30.038976,-51.176519
-30.0396311,-51.1766208
-30.039563359939,-51.1751747131348
-30.0399221,-51.1768782
-30.03946692,-51.175541
-30.0394890580057,-51.175217628479
-30.0400546,-51.1769956
-30.0395069,-51.1765122
-30.039927,-51.177041
-30.0286868216622,-51.1709368228912
-30.0329874231141,-51.1708402633667
-30.028397,-51.171102
-30.0287332654391,-51.1706954240799
-30.029724,-51.17029
-30.030272,-51.173449
-30.029486,-51.170863
-30.030272,-51.173449
-30.030272,-51.173449
-30.030507,-51.169237
-30.0454051750188,-51.1717361211777
-30.046368,-51.171766
-30.041337,-51.1718
-30.0474761968553,-51.1722564697266
-30.0472203,-51.1723385
-30.0422779,-51.2037701
-30.045626,-51.200534
-30.0364797828837,-51.2050008773804
-30.038401,-51.2025809
-30.039958,-51.197487
-30.0401031,-51.1977605
-30.0401542,-51.1974645
-30.0400046,-51.1972704
-30.0401542,-51.1974645
-30.039883,-51.197512
-30.040387,-51.197326
-30.041935,-51.197918
-30.045654,-51.193133
-30.0453958878279,-51.1943578720093
-30.0447901,-51.195499
-23.5574532,-46.6628984
-23.5573033,-46.6519783
-30.0277041,-51.2287346
-30.0279530070986,-51.2285721302032
-30.0283016,-51.2286982
-30.028358,-51.228631
-30.028079,-51.228591
-30.0278601187918,-51.2289047241211
-30.0282321,-51.2287496
-30.0281016282084,-51.2290120124817
-30.0282321,-51.2287496
-30.0412869,-51.2039694
-20.4717695,-54.5777498
48.856614,2.35222190000002
48.8622868028822,2.34459400177002
48.8701913528643,2.34269499778748
-30.0294283,-51.2286651
-30.0305762,-51.2288934
-30.030417,-51.228603
-30.030696,-51.229011
-30.030495,-51.228406
-30.030617,-51.228475
-30.0302705421746,-51.2284809350967
-30.030254,-51.228556
-30.0306175,-51.2287488
-30.030427,-51.228306
-30.030821,-51.229206
-30.042929,-51.217018
-30.046982,-51.194492
-30.046052,-51.195454
-30.046569,-51.1973
-30.044947,-51.197998
-30.042345,-51.194586
-30.042345,-51.194586
-30.0483037,-51.1962773
-30.0485639,-51.1967862
-30.0468885898581,-51.1983060836777
-30.047603,-51.1961142
-30.04827575,-51.1963439333333
-30.0423395633689,-51.2004303932175
-30.0424468517303,-51.1998295783997
-30.043891,-51.210961
-30.043909,-51.210991
-30.04568,-51.210409
-30.0526166805401,-51.1958785333333
-30.0513933,-51.1941273
-30.049285,-51.196236
-30.0532015,-51.1963974
-30.0532213,-51.196366
-30.0499762,-51.1950998
-30.0534657,-51.1966204
-30.0444307,-51.1990302
-30.0427937,-51.1989201
-30.044061,-51.199443
-30.043427,-51.207108
-30.039662,-51.197509
